Date,Description,Amount,Transaction Type,Category
2026-09-01,Monthly Tech Salary Direct Deposit,75000.00,Credit,Income
2026-09-02,House Rent Payment - September,22000.00,Debit,Housing & Rent
2026-09-03,Swiggy Gourmet Dining,780.00,Debit,Dining & Food
2026-09-05,Blinkit Instant Groceries,1450.00,Debit,Groceries
2026-09-07,Uber Premier Trip to Office,420.00,Debit,Transportation
2026-09-10,Amazon Tech Accessories,3499.00,Debit,Shopping
2026-09-12,Electricity Utility Bill,2100.00,Debit,Utilities
2026-09-15,Swiggy Lunch Order,340.00,Debit,Dining & Food
2026-09-18,Apollo Pharmacy Medicine,890.00,Debit,Healthcare
2026-09-20,Netflix 4K Premium Subscription,649.00,Debit,Subscriptions & Ent.
2026-09-22,Reliance Smart Supermarket,3850.00,Debit,Groceries
2026-09-25,Zomato Weekend Dinner,1250.00,Debit,Dining & Food
2026-09-28,Uber Taxi Return,380.00,Debit,Transportation
2026-10-01,Monthly Tech Salary Direct Deposit,75000.00,Credit,Income
2026-10-02,House Rent Payment - October,22000.00,Debit,Housing & Rent
2026-10-04,Blinkit Weekly Grocery,1620.00,Debit,Groceries
2026-10-05,Swiggy Dinner Order,490.00,Debit,Dining & Food
